{"mean": 0.00021103139442857355, "std": 0.07708248496055603, "hist_len": 7, "features": [0], "pred_len": 3, "labels": [0]}