{"mean": [12.170238494873047, 12.212085723876953, 12.128896713256836, 12.172623634338379, 7.547898292541504, 7.549545764923096, 7.546424388885498, 7.548220634460449, 1.1400033235549927, 1.1445701122283936, 1.1354645490646362, 1.1403945684432983, 2700.2353515625, 2717.664794921875, 2682.259765625, 2700.3271484375, 3685.723876953125, 3703.545654296875, 3668.169189453125, 3686.76953125, 594.0647583007812, 597.1890258789062, 590.6917724609375, 594.176513671875, 2017.3353271484375, 2030.1900634765625, 2002.2535400390625, 2017.06005859375, 1419.914794921875, 23526.2421875, -0.15908312797546387, 3.0298664569854736, 18.014127731323242, 15.971480369567871, 68.99739074707031, 69.50560760498047, 4.104876518249512, 4.22674560546875, 3.529893159866333, 3.4184162616729736, 7.297957897186279, 58.2783203125, 34.169185638427734, 37.44956588745117, -3.281128406524658, -3.0800483226776123, -1.5276472568511963, 44.37433624267578, 48.91434860229492, -2.041912794113159, 12085.0048828125, 42562.0546875, -1.9451416730880737, 18.951547622680664, 21.28312110900879, 18.58841896057129, 165.27098083496094, 167.39202880859375, 5.461546421051025, 5.694555759429932, 5.1327900886535645, 5.180684566497803, 6.102016925811768, 271.1270446777344, 13.76253604888916, 16.1968936920166, -2.434847593307495, -1.7897874116897583, -1.514750599861145, 28.401268005371094, 38.255741119384766, -2.4604392051696777], "std": [1.776036024093628, 1.7866522073745728, 1.7664952278137207, 1.7769461870193481, 0.8681519627571106, 0.868577241897583, 0.8677673935890198, 0.8682332634925842, 0.5133439898490906, 0.5153139233589172, 0.511404812335968, 0.5135322213172913, 3002.4453125, 3020.327392578125, 2984.1044921875, 3002.581298828125, 6918.44189453125, 6950.7412109375, 6886.80078125, 6920.36328125, 902.7030029296875, 906.8590087890625, 898.1973876953125, 902.8576049804688, 1983.8328857421875, 1994.6546630859375, 1971.2437744140625, 1983.771240234375, 428.3767395019531, 6191.95361328125, 1.6424577236175537, 0.6667891144752502, 3.5127248764038086, 3.7583796977996826, 23.275562286376953, 23.529747009277344, 4.350274562835693, 5.141661643981934, 3.7074151039123535, 5.1070966720581055, 2.5083460807800293, 9.843307495117188, 5.72329568862915, 6.6916608810424805, 2.613051414489746, 2.280953884124756, 2.562894821166992, 18.642972946166992, 20.71547508239746, 1.680229902267456, 4067.54345703125, 10635.3291015625, 2.3793654441833496, 3.708253860473633, 3.764308214187622, 3.5173232555389404, 55.682952880859375, 55.673309326171875, 6.246849536895752, 6.842705249786377, 5.404741287231445, 6.2053728103637695, 1.8750613927841187, 53.28066635131836, 15.153070449829102, 17.876455307006836, 3.4101359844207764, 2.308962821960449, 2.688260316848755, 33.566551208496094, 44.24908447265625, 1.567626714706421], "hist_len": 7, "features": [0, 1, 2, 3, 4, 5, 6, 7, 8, 9, 10, 11, 12, 13, 14, 15, 16, 17, 18, 19, 20, 21, 22, 23, 24, 25, 26, 27, 28, 29, 30, 31, 32, 33, 34, 35, 36, 37, 38, 39, 40, 41, 42, 43, 44, 45, 46, 47, 48, 49, 50, 51, 52, 53, 54, 55, 56, 57, 58, 59, 60, 61, 62, 63, 64, 65, 66, 67, 68, 69, 70, 71], "pred_len": 3, "labels": [0, 1, 2, 3]}